,total_h2_sold_per_station,prioritize,profitability threshold,longitude,latitude,station_location,size_station,cumulative_demand,property,nearby_total_station,new_h2_demand,new_profitability_threshold,new_profitability
0,25141.76,1.0,6.285399999999999,5.00451,49.44561,hub,large,0.0393019465485231,ours,1.0,25141.76,6.2854399999999995,profitable
1,18565.12,1.0,4.6413,4.89524472,44.03162786,hub,large,0.0683231985971832,ours,6.0,3094.1866666666665,0.7735466666666666,profitable
4,10805.76,1.0,2.7014,1.6561556,48.3304943,hub,large,0.1295591609315179,ours,2.0,5402.88,1.35072,profitable
12,8171.52,1.0,2.0429,2.47657425,49.26489755,hub,large,0.2418309319185397,ours,3.0,2723.84,0.68096,profitable
14,7490.559999999999,1.0,1.8726,-1.0490777295677982,47.2574172,hub,large,0.2661460349863359,ours,1.0,7490.559999999999,1.8726399999999996,profitable
17,7239.679999999999,1.0,1.8099,4.9287265,43.3973905,hub,large,0.3005177302215732,ours,3.0,2413.2266666666665,0.6033066666666667,profitable
18,7185.92,1.0,1.7965,-0.2057893552874009,46.98320275,hub,large,0.3117508596342302,ours,2.0,3592.96,0.89824,profitable
19,7114.24,1.0,1.7786000000000002,-0.5957869999999998,48.5500968,hub,large,0.3228719378806762,ours,1.0,7114.24,1.77856,profitable
21,6218.24,1.0,1.5546,2.3462084,49.88572855,hub,large,0.3434613396719553,ours,2.0,3109.12,0.77728,profitable
22,5806.08,1.0,1.4515,3.4900652,49.4723325,hub,large,0.3525374841350497,ours,2.0,2903.04,0.72576,profitable
23,5555.2,1.0,1.3888,7.3579641,48.0777517,hub,large,0.3612214495164055,ours,2.0,2777.6,0.6944,profitable
24,5501.4400000000005,1.0,1.3754,3.30819445,49.81625,hub,large,0.369821376523103,ours,2.0,2750.7200000000003,0.6876800000000001,profitable
29,5196.8,1.0,1.2992,1.19692,45.18516,hub,large,0.4111259969979953,ours,1.0,5196.8,1.2992000000000001,profitable
31,5165.115336363348,1.0,1.291278834090837,4.797245451617696,44.6710621306595,road,large,0.4272743562907981,ours,2.0,2582.557668181674,0.6456394170454186,profitable
39,4895.888092983353,1.0,1.2239720232458382,2.8950283531836454,42.78275379534364,road,large,0.4896730215797798,ours,2.0,2447.9440464916765,0.6119860116229191,profitable
40,4895.888092983353,1.0,1.2239720232458382,2.8569308097380333,42.47539934548716,road,large,0.4973263414801361,ours,1.0,4895.888092983353,1.2239720232458382,profitable
42,4797.222221021053,1.0,1.1993055552552632,1.9450172595926865,43.28841170379598,road,large,0.5123608664541308,ours,1.0,4797.222221021053,1.1993055552552632,profitable
68,3727.36,1.0,0.9318,-117.8704931,33.7500378,hub,large,0.6836935401487849,ours,1.0,3727.36,0.93184,profitable
78,3118.08,1.0,0.7795000000000001,0.3250000000000002,49.0211111,hub,large,0.7364247802523828,ours,1.0,3118.08,0.77952,profitable
95,2580.48,1.0,0.6451,5.348031,49.1706321,hub,large,0.8111701885513396,ours,1.0,2580.48,0.64512,profitable
108,1997.8830325894428,1.0,0.9989415162947214,1.2307826173404142,47.97737559754724,road,medium,0.8608244835896317,ours,1.0,1997.8830325894428,0.9989415162947214,profitable
109,1997.8830325894428,1.0,0.9989415162947214,0.1601671345671602,46.2114804408092,road,medium,0.8639476019455874,ours,1.0,1997.8830325894428,0.9989415162947214,profitable
114,1951.8533765922832,1.0,0.9759266882961416,3.446472928662317,43.65626162907388,road,medium,0.8794055868435193,ours,1.0,1951.8533765922832,0.9759266882961416,profitable
117,1949.5024299522104,1.0,0.9747512149761052,2.1958541299163987,48.114848625760814,road,medium,0.8885517292644869,ours,1.0,1949.5024299522104,0.9747512149761052,profitable
123,1933.297749885398,1.0,0.966648874942699,-0.5999157235849718,45.57627441561726,road,medium,0.9066846757634688,ours,1.0,1933.297749885398,0.966648874942699,profitable
124,1921.4392113522165,1.0,0.9607196056761084,0.869293969817245,46.26372348566887,road,medium,0.9096882960820466,ours,1.0,1921.4392113522165,0.9607196056761083,profitable
2,na,na,na,2.12815,49.409445,na,na,na,total,na,na,na,na
6,na,na,na,2.1488045,48.6371317,na,na,na,total,na,na,na,na
11,na,na,na,3.2713774,49.8486264,na,na,na,total,na,na,na,na
14,na,na,na,0.6275373,49.3722338,na,na,na,total,na,na,na,na
16,na,na,na,2.4703296,49.0155943,na,na,na,total,na,na,na,na
17,na,na,na,-1.0907038,46.070484,na,na,na,total,na,na,na,na
18,na,na,na,4.4006478,43.8504639,na,na,na,total,na,na,na,na
20,na,na,na,2.6332823,48.6105416,na,na,na,total,na,na,na,na
28,na,na,na,4.8354827,46.9625676,na,na,na,total,na,na,na,na
29,na,na,na,3.6991168,45.1248871,na,na,na,total,na,na,na,na
31,na,na,na,3.2031833,50.1760599,na,na,na,total,na,na,na,na
35,na,na,na,6.1652066,49.2976215,na,na,na,total,na,na,na,na
37,na,na,na,6.158515,47.634029,na,na,na,total,na,na,na,na
38,na,na,na,2.1325288,48.79981280000001,na,na,na,total,na,na,na,na
41,na,na,na,-0.03777590000000001,43.0972131,na,na,na,total,na,na,na,na
42,na,na,na,5.027531199999999,43.951063,na,na,na,total,na,na,na,na
47,na,na,na,1.9506124,48.9426231,na,na,na,total,na,na,na,na
48,na,na,na,5.3152706,43.4087899,na,na,na,total,na,na,na,na
50,na,na,na,2.4851789,48.7670458,na,na,na,total,na,na,na,na
51,na,na,na,2.3150027,48.8224903,na,na,na,total,na,na,na,na
52,na,na,na,2.3138991,48.9193942,na,na,na,total,na,na,na,na
56,na,na,na,1.4237007,48.43694139999999,na,na,na,total,na,na,na,na
58,na,na,na,-3.1181825,48.5520623,na,na,na,total,na,na,na,na
59,na,na,na,-1.3267882,48.5848696,na,na,na,total,na,na,na,na
60,na,na,na,0.2638288,49.4786791,na,na,na,total,na,na,na,na
69,na,na,na,-1.4749484,47.272182,na,na,na,total,na,na,na,na
70,na,na,na,2.3463828,48.7679328,na,na,na,total,na,na,na,na
72,na,na,na,4.0452705,49.2390075,na,na,na,total,na,na,na,na
77,na,na,na,-1.682073,47.842697,na,na,na,total,na,na,na,na
78,na,na,na,5.04787,43.63809,na,na,na,total,na,na,na,na
80,na,na,na,-1.0980458,48.0887729,na,na,na,total,na,na,na,na
84,na,na,na,4.8900403,43.4839206,na,na,na,total,na,na,na,na
86,na,na,na,1.8601264,47.9759494,na,na,na,total,na,na,na,na
92,na,na,na,2.4418895,48.5957889,na,na,na,total,na,na,na,na
93,na,na,na,0.1501597,49.4878147,na,na,na,total,na,na,na,na
95,na,na,na,3.3133708,43.8640675,na,na,na,total,na,na,na,na
96,na,na,na,-1.5413924,47.9732284,na,na,na,total,na,na,na,na
98,na,na,na,2.2478603,48.6032163,na,na,na,total,na,na,na,na
99,na,na,na,-2.643809,47.6311617,na,na,na,total,na,na,na,na
101,na,na,na,-1.098699,48.0901964,na,na,na,total,na,na,na,na
102,na,na,na,2.056602,47.88643,na,na,na,total,na,na,na,na
103,na,na,na,0.452189,49.482777,na,na,na,total,na,na,na,na
104,na,na,na,2.9527247,50.6110843,na,na,na,total,na,na,na,na
105,na,na,na,2.7363436,47.91805249999999,na,na,na,total,na,na,na,na
116,na,na,na,1.6188692,50.6888716,na,na,na,total,na,na,na,na
122,na,na,na,6.331231,43.39324,na,na,na,total,na,na,na,na
123,na,na,na,0.319564,49.3205625,na,na,na,total,na,na,na,na
125,na,na,na,2.3831304,48.745943,na,na,na,total,na,na,na,na
131,na,na,na,5.221011,46.249084,na,na,na,total,na,na,na,na
132,na,na,na,2.9756818,50.4580055,na,na,na,total,na,na,na,na
134,na,na,na,3.136198,50.753855,na,na,na,total,na,na,na,na
136,na,na,na,5.0470842,47.36375659999999,na,na,na,total,na,na,na,na
143,na,na,na,6.583306700000001,48.0416894,na,na,na,total,na,na,na,na
146,na,na,na,7.296435,47.9749387,na,na,na,total,na,na,na,na
147,na,na,na,3.2947089,46.2944948,na,na,na,total,na,na,na,na
149,na,na,na,3.0265532,46.3754965,na,na,na,total,na,na,na,na
153,na,na,na,6.123497299999999,47.3262873,na,na,na,total,na,na,na,na
154,na,na,na,-4.4536046,48.3924444,na,na,na,total,na,na,na,na
155,na,na,na,4.8350396,45.6508009,na,na,na,total,na,na,na,na
156,na,na,na,7.552226999999999,47.5985689,na,na,na,total,na,na,na,na
158,na,na,na,5.624406400000001,45.305296,na,na,na,total,na,na,na,na
162,na,na,na,5.3344594,46.0550728,na,na,na,total,na,na,na,na
167,na,na,na,0.7790026,49.6239874,na,na,na,total,na,na,na,na
169,na,na,na,6.0891651,48.8568108,na,na,na,total,na,na,na,na
171,na,na,na,6.4187162,48.5905919,na,na,na,total,na,na,na,na
172,na,na,na,5.6240475,45.27858029999999,na,na,na,total,na,na,na,na
173,na,na,na,-0.6234109999999999,47.4695081,na,na,na,total,na,na,na,na
175,na,na,na,2.8373509,50.2741645,na,na,na,total,na,na,na,na
183,na,na,na,0.608375,44.171244,na,na,na,total,na,na,na,na
185,na,na,na,3.1316376,50.6136476,na,na,na,total,na,na,na,na
187,na,na,na,7.3935013,47.8009882,na,na,na,total,na,na,na,na
190,na,na,na,4.826238099999999,45.5889132,na,na,na,total,na,na,na,na
194,na,na,na,4.8850774,46.4463275,na,na,na,total,na,na,na,na
198,na,na,na,1.999847,46.5826047,na,na,na,total,na,na,na,na
200,na,na,na,3.0540307,50.550726,na,na,na,total,na,na,na,na
209,na,na,na,3.3918198,46.3215926,na,na,na,total,na,na,na,na
212,na,na,na,4.870923299999999,45.0062213,na,na,na,total,na,na,na,na
213,na,na,na,3.074016,50.5403372,na,na,na,total,na,na,na,na
214,na,na,na,7.4602001,48.6345576,na,na,na,total,na,na,na,na
222,na,na,na,3.4678494,50.34062549999999,na,na,na,total,na,na,na,na
223,na,na,na,5.2962621,46.202994,na,na,na,total,na,na,na,na
225,na,na,na,-1.5373537,47.1549442,na,na,na,total,na,na,na,na
233,na,na,na,1.7050161,43.7590279,na,na,na,total,na,na,na,na
234,na,na,na,4.9124913,47.09618649999999,na,na,na,total,na,na,na,na
236,na,na,na,4.8725709,48.647244,na,na,na,total,na,na,na,na
237,na,na,na,4.881397,44.973073,na,na,na,total,na,na,na,na
241,na,na,na,2.4247239,44.9097055,na,na,na,total,na,na,na,na
244,na,na,na,2.2126219,48.9516643,na,na,na,total,na,na,na,na
245,na,na,na,4.904867100000001,46.5704609,na,na,na,total,na,na,na,na
247,na,na,na,4.9996751,45.7025869,na,na,na,total,na,na,na,na
248,na,na,na,7.2422396,48.7693208,na,na,na,total,na,na,na,na
249,na,na,na,1.9221433,50.9139061,na,na,na,total,na,na,na,na
251,na,na,na,3.6789388,49.3107677,na,na,na,total,na,na,na,na
260,na,na,na,7.676082999999999,48.479709,na,na,na,total,na,na,na,na
263,na,na,na,3.2052684,50.5184703,na,na,na,total,na,na,na,na
266,na,na,na,5.0713989,45.8450944,na,na,na,total,na,na,na,na
270,na,na,na,3.3610108,48.5353115,na,na,na,total,na,na,na,na
273,na,na,na,2.3893198,48.7502905,na,na,na,total,na,na,na,na
276,na,na,na,3.9566003,49.0464276,na,na,na,total,na,na,na,na
278,na,na,na,2.6213908,48.9084896,na,na,na,total,na,na,na,na
280,na,na,na,1.2946295,45.8979718,na,na,na,total,na,na,na,na
281,na,na,na,4.8740859,44.02721560000001,na,na,na,total,na,na,na,na
282,na,na,na,6.314658,43.394547,na,na,na,total,na,na,na,na
283,na,na,na,1.4481212,43.6467035,na,na,na,total,na,na,na,na
284,na,na,na,1.3425146,49.1573638,na,na,na,total,na,na,na,na
285,na,na,na,2.1179122,49.4314492,na,na,na,total,na,na,na,na
286,na,na,na,1.976778,49.0655925,na,na,na,total,na,na,na,na
291,na,na,na,1.809503,50.9380219,na,na,na,total,na,na,na,na
292,na,na,na,2.7475249,48.830358,na,na,na,total,na,na,na,na
294,na,na,na,0.7287528999999999,44.39777489999999,na,na,na,total,na,na,na,na
302,na,na,na,-1.5275259,47.211559,na,na,na,total,na,na,na,na
303,na,na,na,5.454492399999999,43.2921208,na,na,na,total,na,na,na,na
304,na,na,na,5.197978,43.516677,na,na,na,total,na,na,na,na
305,na,na,na,1.2917197,48.7435232,na,na,na,total,na,na,na,na
315,na,na,na,1.7355421,50.8618655,na,na,na,total,na,na,na,na
317,na,na,na,0.2938927,48.7879241,na,na,na,total,na,na,na,na
318,na,na,na,2.2478259,48.6026327,na,na,na,total,na,na,na,na
320,na,na,na,1.8829038,48.7178944,na,na,na,total,na,na,na,na
324,na,na,na,-3.1963793,47.7794709,na,na,na,total,na,na,na,na
327,na,na,na,2.6361404,49.0334709,na,na,na,total,na,na,na,na
329,na,na,na,0.49375,44.829687,na,na,na,total,na,na,na,na
330,na,na,na,0.0994557,48.4436508,na,na,na,total,na,na,na,na
343,na,na,na,1.0607884,47.3325305,na,na,na,total,na,na,na,na
346,na,na,na,1.1265159,49.4368404,na,na,na,total,na,na,na,na
350,na,na,na,1.5057306,43.5928012,na,na,na,total,na,na,na,na
351,na,na,na,-1.4702721,47.1722608,na,na,na,total,na,na,na,na
354,na,na,na,2.1592059,48.90861,na,na,na,total,na,na,na,na
356,na,na,na,1.1505118,47.3295342,na,na,na,total,na,na,na,na
357,na,na,na,-0.4469896,44.9206378,na,na,na,total,na,na,na,na
360,na,na,na,-0.8908197999999999,46.9666846,na,na,na,total,na,na,na,na
361,na,na,na,7.034599699999999,43.5891537,na,na,na,total,na,na,na,na
366,na,na,na,-0.2687784,43.7211576,na,na,na,total,na,na,na,na
375,na,na,na,0.5301273,48.5279369,na,na,na,total,na,na,na,na
383,na,na,na,2.994999,43.178117,na,na,na,total,na,na,na,na
384,na,na,na,7.5140481,43.7832219,na,na,na,total,na,na,na,na
391,na,na,na,5.3324131,47.8691225,na,na,na,total,na,na,na,na
394,na,na,na,5.2525374,43.368391,na,na,na,total,na,na,na,na
396,na,na,na,-1.0247208,45.6468499,na,na,na,total,na,na,na,na
401,na,na,na,6.7264719,48.5494237,na,na,na,total,na,na,na,na
402,na,na,na,7.778676699999999,48.8202419,na,na,na,total,na,na,na,na
405,na,na,na,0.7856689,43.10522,na,na,na,total,na,na,na,na
406,na,na,na,7.7399173,48.8151367,na,na,na,total,na,na,na,na
408,na,na,na,5.984113799999999,47.2440734,na,na,na,total,na,na,na,na
410,na,na,na,6.439513700000001,48.1919306,na,na,na,total,na,na,na,na
414,na,na,na,-0.7525795,48.0811994,na,na,na,total,na,na,na,na
415,na,na,na,6.754982,43.437813,na,na,na,total,na,na,na,na
417,na,na,na,1.4513895,49.1115024,na,na,na,total,na,na,na,na
423,na,na,na,0.09690259999999999,48.299224,na,na,na,total,na,na,na,na
433,na,na,na,2.213749,46.227638,na,na,na,total,na,na,na,na
438,na,na,na,4.8399156,48.9182563,na,na,na,total,na,na,na,na
441,na,na,na,-0.5729498,47.4590727,na,na,na,total,na,na,na,na
443,na,na,na,4.3293228,43.8101671,na,na,na,total,na,na,na,na
445,na,na,na,2.0357943,45.3966882,na,na,na,total,na,na,na,na
446,na,na,na,6.057349299999999,44.5410908,na,na,na,total,na,na,na,na
450,na,na,na,-2.4451375,48.4226444,na,na,na,total,na,na,na,na
452,na,na,na,5.2324421,47.2332451,na,na,na,total,na,na,na,na
463,na,na,na,-0.2756401,47.1964319,na,na,na,total,na,na,na,na
467,na,na,na,2.18884,43.776621,na,na,na,total,na,na,na,na
468,na,na,na,-2.6369853,47.8384799,na,na,na,total,na,na,na,na
469,na,na,na,5.876002199999999,46.9474794,na,na,na,total,na,na,na,na
474,na,na,na,0.6622703,44.1859389,na,na,na,total,na,na,na,na
475,na,na,na,3.2220163,43.3546182,na,na,na,total,na,na,na,na
478,na,na,na,2.9557295,43.4206683,na,na,na,total,na,na,na,na
479,na,na,na,1.1829291,43.5181624,na,na,na,total,na,na,na,na
481,na,na,na,4.833495999999999,44.867648,na,na,na,total,na,na,na,na
486,na,na,na,2.0290756,48.5304391,na,na,na,total,na,na,na,na
487,na,na,na,4.5776519,49.478191,na,na,na,total,na,na,na,na
488,na,na,na,-0.7864355,43.4897104,na,na,na,total,na,na,na,na
489,na,na,na,4.7890497,45.7214462,na,na,na,total,na,na,na,na
492,na,na,na,6.8173583,47.9516791,na,na,na,total,na,na,na,na
499,na,na,na,8.761602700000001,41.9697511,na,na,na,total,na,na,na,na
500,na,na,na,-4.0899155,47.9999962,na,na,na,total,na,na,na,na
521,na,na,na,4.5899711,48.7345686,na,na,na,total,na,na,na,na
522,na,na,na,-4.471039999999999,48.41611,na,na,na,total,na,na,na,na
526,na,na,na,4.3079133,46.9532163,na,na,na,total,na,na,na,na
534,na,na,na,1.4689427,43.3532688,na,na,na,total,na,na,na,na
537,na,na,na,1.6082479,50.060969,na,na,na,total,na,na,na,na
541,na,na,na,-0.2315568,44.440827,na,na,na,total,na,na,na,na
542,na,na,na,1.0761867,49.9084442,na,na,na,total,na,na,na,na
544,na,na,na,0.8479926,49.1225908,na,na,na,total,na,na,na,na
545,na,na,na,6.1619477,47.1946114,na,na,na,total,na,na,na,na
547,na,na,na,-0.768326,48.0684111,na,na,na,total,na,na,na,na
553,na,na,na,-0.4444353,43.7907899,na,na,na,total,na,na,na,na
556,na,na,na,-0.69521,44.8610473,na,na,na,total,na,na,na,na
558,na,na,na,2.8046948,49.0335367,na,na,na,total,na,na,na,na
561,na,na,na,6.8596292,47.6262461,na,na,na,total,na,na,na,na
565,na,na,na,2.2745439,49.8589941,na,na,na,total,na,na,na,na
566,na,na,na,3.251648,45.5359108,na,na,na,total,na,na,na,na
568,na,na,na,-2.5092127,48.4758867,na,na,na,total,na,na,na,na
569,na,na,na,3.739829499999999,45.5516551,na,na,na,total,na,na,na,na
573,na,na,na,-1.032999,43.327408,na,na,na,total,na,na,na,na
575,na,na,na,4.3703588,47.6197377,na,na,na,total,na,na,na,na
576,na,na,na,7.6111994,48.5804532,na,na,na,total,na,na,na,na
577,na,na,na,1.7444118,47.3531951,na,na,na,total,na,na,na,na
578,na,na,na,4.7422002,45.3094251,na,na,na,total,na,na,na,na
580,na,na,na,-0.5908561999999999,43.6591349,na,na,na,total,na,na,na,na
581,na,na,na,4.5127057,44.5700087,na,na,na,total,na,na,na,na
583,na,na,na,0.7265364,47.40408799999999,na,na,na,total,na,na,na,na
584,na,na,na,4.8171872,47.0146925,na,na,na,total,na,na,na,na
585,na,na,na,4.4294064,48.4284336,na,na,na,total,na,na,na,na
586,na,na,na,-3.9189422,47.8728294,na,na,na,total,na,na,na,na
588,na,na,na,1.8241966,48.9565922,na,na,na,total,na,na,na,na
589,na,na,na,5.0006223,43.8105479,na,na,na,total,na,na,na,na
590,na,na,na,0.7401945,47.3811024,na,na,na,total,na,na,na,na
594,na,na,na,-2.9625658,48.0573215,na,na,na,total,na,na,na,na
596,na,na,na,-2.283582,48.083875,na,na,na,total,na,na,na,na
599,na,na,na,4.0523084,46.5967518,na,na,na,total,na,na,na,na
605,na,na,na,0.1609266,48.0157803,na,na,na,total,na,na,na,na
606,na,na,na,4.0216708,48.2413016,na,na,na,total,na,na,na,na
608,na,na,na,1.152883,44.065848,na,na,na,total,na,na,na,na
613,na,na,na,-1.6857871,48.149558,na,na,na,total,na,na,na,na
614,na,na,na,6.073739799999999,44.55945,na,na,na,total,na,na,na,na
615,na,na,na,1.9142162,48.9920299,na,na,na,total,na,na,na,na
616,na,na,na,0.5760694,43.6175923,na,na,na,total,na,na,na,na
622,na,na,na,1.3148436,47.6043605,na,na,na,total,na,na,na,na
625,na,na,na,3.8352668,43.57771229999999,na,na,na,total,na,na,na,na
627,na,na,na,-2.093225,47.387127,na,na,na,total,na,na,na,na
628,na,na,na,5.2438864,46.1888139,na,na,na,total,na,na,na,na
631,na,na,na,6.829504,47.7344028,na,na,na,total,na,na,na,na
634,na,na,na,5.878219,43.102976,na,na,na,total,na,na,na,na
635,na,na,na,4.860048000000001,45.6929278,na,na,na,total,na,na,na,na
637,na,na,na,5.479871,43.326181,na,na,na,total,na,na,na,na
639,na,na,na,4.989962999999999,46.833579,na,na,na,total,na,na,na,na
652,na,na,na,2.1044814,48.8761145,na,na,na,total,na,na,na,na
657,na,na,na,1.4801273,44.1159847,na,na,na,total,na,na,na,na
663,na,na,na,-4.0842534,47.9925836,na,na,na,total,na,na,na,na
664,na,na,na,1.9911349,48.7841763,na,na,na,total,na,na,na,na
667,na,na,na,5.172237200000001,48.7693239,na,na,na,total,na,na,na,na
669,na,na,na,4.223236500000001,45.7436262,na,na,na,total,na,na,na,na
673,na,na,na,7.1155074,47.6311908,na,na,na,total,na,na,na,na
681,na,na,na,1.4103515,43.7249433,na,na,na,total,na,na,na,na
682,na,na,na,6.1598392,49.3513247,na,na,na,total,na,na,na,na
683,na,na,na,-0.3783115,43.3186376,na,na,na,total,na,na,na,na
684,na,na,na,0.8644276,45.2297278,na,na,na,total,na,na,na,na
685,na,na,na,5.967785999999999,45.56873400000001,na,na,na,total,na,na,na,na
690,na,na,na,0.6597362,43.8392716,na,na,na,total,na,na,na,na
694,na,na,na,6.1694391,48.7050036,na,na,na,total,na,na,na,na
696,na,na,na,5.049972599999999,43.9211046,na,na,na,total,na,na,na,na
699,na,na,na,6.169026,49.2430874,na,na,na,total,na,na,na,na
701,na,na,na,1.243156,45.8217094,na,na,na,total,na,na,na,na
707,na,na,na,4.840497,45.05723769999999,na,na,na,total,na,na,na,na
709,na,na,na,-0.2643473,44.55205309999999,na,na,na,total,na,na,na,na
712,na,na,na,6.0046881,45.8188848,na,na,na,total,na,na,na,na
713,na,na,na,2.1991236,48.86822100000001,na,na,na,total,na,na,na,na
714,na,na,na,0.4135674,43.5167699,na,na,na,total,na,na,na,na
715,na,na,na,4.1184562,46.4460676,na,na,na,total,na,na,na,na
717,na,na,na,-2.967056,48.066152,na,na,na,total,na,na,na,na
718,na,na,na,6.7073293,49.1145644,na,na,na,total,na,na,na,na
723,na,na,na,4.5710499,47.8534983,na,na,na,total,na,na,na,na
725,na,na,na,2.0484544,48.7977783,na,na,na,total,na,na,na,na
734,na,na,na,5.8868678,48.6728348,na,na,na,total,na,na,na,na
737,na,na,na,0.920906,43.4763376,na,na,na,total,na,na,na,na
744,na,na,na,2.9197735,49.7597236,na,na,na,total,na,na,na,na
748,na,na,na,-1.6374496,47.2144746,na,na,na,total,na,na,na,na
759,na,na,na,4.6491757,44.2581619,na,na,na,total,na,na,na,na
761,na,na,na,6.8713622,47.6342807,na,na,na,total,na,na,na,na
762,na,na,na,2.3017254,48.73925269999999,na,na,na,total,na,na,na,na
763,na,na,na,2.5492497,48.9844585,na,na,na,total,na,na,na,na
772,na,na,na,-0.7751523,48.0597012,na,na,na,total,na,na,na,na
779,na,na,na,-1.474841,43.492949,na,na,na,total,na,na,na,na
783,na,na,na,1.6660945,47.3380895,na,na,na,total,na,na,na,na
785,na,na,na,0.551215,44.219249,na,na,na,total,na,na,na,na
786,na,na,na,2.8023384,46.1844309,na,na,na,total,na,na,na,na
787,na,na,na,4.1475445,49.128754,na,na,na,total,na,na,na,na
789,na,na,na,3.6693102,47.7900798,na,na,na,total,na,na,na,na
790,na,na,na,6.2576296,44.5514373,na,na,na,total,na,na,na,na
793,na,na,na,2.7233253,44.2838213,na,na,na,total,na,na,na,na
794,na,na,na,-1.6148931,47.5630076,na,na,na,total,na,na,na,na
797,na,na,na,5.9875408,43.4222448,na,na,na,total,na,na,na,na
800,na,na,na,2.970345,42.9955331,na,na,na,total,na,na,na,na
802,na,na,na,2.751247,43.1998459,na,na,na,total,na,na,na,na
803,na,na,na,-0.9866682,44.880687,na,na,na,total,na,na,na,na
805,na,na,na,2.7013566,44.0900281,na,na,na,total,na,na,na,na
806,na,na,na,1.4168725,43.5150718,na,na,na,total,na,na,na,na
808,na,na,na,1.147434,49.31923399999999,na,na,na,total,na,na,na,na
811,na,na,na,2.4441231,48.5945981,na,na,na,total,na,na,na,na
813,na,na,na,-0.1068823,47.539021,na,na,na,total,na,na,na,na
816,na,na,na,5.3425756,43.3498318,na,na,na,total,na,na,na,na
817,na,na,na,0.3287789,46.6051096,na,na,na,total,na,na,na,na
822,na,na,na,1.685595,50.7925317,na,na,na,total,na,na,na,na
824,na,na,na,2.89344,48.01341499999999,na,na,na,total,na,na,na,na
829,na,na,na,-1.4429583,48.5802218,na,na,na,total,na,na,na,na
830,na,na,na,2.442325,48.9827387,na,na,na,total,na,na,na,na
831,na,na,na,3.183556,46.733498,na,na,na,total,na,na,na,na
832,na,na,na,1.8301497,48.5461461,na,na,na,total,na,na,na,na
833,na,na,na,4.8556221,43.9696275,na,na,na,total,na,na,na,na
835,na,na,na,2.6660586,48.9522237,na,na,na,total,na,na,na,na
838,na,na,na,-1.5980916,43.4217694,na,na,na,total,na,na,na,na
841,na,na,na,4.2409954,48.2141269,na,na,na,total,na,na,na,na
853,na,na,na,2.5189824,48.8544023,na,na,na,total,na,na,na,na
854,na,na,na,-1.9441247,48.1392894,na,na,na,total,na,na,na,na
858,na,na,na,0.5297252,46.80682909999999,na,na,na,total,na,na,na,na
860,na,na,na,0.8074219,45.1381615,na,na,na,total,na,na,na,na
864,na,na,na,2.4855139,49.2501673,na,na,na,total,na,na,na,na
877,na,na,na,1.16979,49.2100141,na,na,na,total,na,na,na,na
879,na,na,na,5.2366907,43.3939266,na,na,na,total,na,na,na,na
882,na,na,na,2.3913708,48.9338743,na,na,na,total,na,na,na,na
884,na,na,na,-2.5904269,48.4767983,na,na,na,total,na,na,na,na
887,na,na,na,-3.4092021,48.5492772,na,na,na,total,na,na,na,na
888,na,na,na,5.3900288,43.50473909999999,na,na,na,total,na,na,na,na
890,na,na,na,2.7623893,48.0535305,na,na,na,total,na,na,na,na
891,na,na,na,5.26961,43.72078,na,na,na,total,na,na,na,na
892,na,na,na,5.802294,43.198331,na,na,na,total,na,na,na,na
893,na,na,na,1.273773,49.480412,na,na,na,total,na,na,na,na
894,na,na,na,-0.649051,45.8070695,na,na,na,total,na,na,na,na
897,na,na,na,-1.7723171,47.2695013,na,na,na,total,na,na,na,na
901,na,na,na,2.4438132,48.9543768,na,na,na,total,na,na,na,na
905,na,na,na,-1.7184956,47.2134809,na,na,na,total,na,na,na,na
906,na,na,na,-4.2585727,48.4445099,na,na,na,total,na,na,na,na
910,na,na,na,3.2920727,44.5632994,na,na,na,total,na,na,na,na
911,na,na,na,2.018903,48.957651,na,na,na,total,na,na,na,na
916,na,na,na,3.0817644,44.1099916,na,na,na,total,na,na,na,na
920,na,na,na,2.6200215,48.84098059999999,na,na,na,total,na,na,na,na
921,na,na,na,1.0105192,44.7714687,na,na,na,total,na,na,na,na
923,na,na,na,4.642068699999999,43.701124,na,na,na,total,na,na,na,na
928,na,na,na,2.5150231,48.5434566,na,na,na,total,na,na,na,na
938,na,na,na,-0.7001708999999999,49.270863,na,na,na,total,na,na,na,na
939,na,na,na,3.0074056,49.40363019999999,na,na,na,total,na,na,na,na
940,na,na,na,0.07264799999999999,48.022896,na,na,na,total,na,na,na,na
942,na,na,na,-2.1299439,47.7715409,na,na,na,total,na,na,na,na
946,na,na,na,-1.6136181,48.1139021,na,na,na,total,na,na,na,na
947,na,na,na,0.1389333,44.4617475,na,na,na,total,na,na,na,na
954,na,na,na,0.5951689,47.1131514,na,na,na,total,na,na,na,na
955,na,na,na,3.5282231,47.8807248,na,na,na,total,na,na,na,na
958,na,na,na,-1.8460417,47.9276126,na,na,na,total,na,na,na,na
968,na,na,na,-1.0333098,48.9371895,na,na,na,total,na,na,na,na
971,na,na,na,-3.1755566,48.2268189,na,na,na,total,na,na,na,na
972,na,na,na,1.3660087,44.0257049,na,na,na,total,na,na,na,na
1,976.78628886874,1.0,0.97678628886874,-0.2734496792394273,45.24043326446728,road,small,0.8776634088459595,ours,1.0,976.78628886874,0.97678628886874,profitable
2,917.8053469550974,1.0,0.9178053469550974,2.1194176536925013,47.20800802246639,road,small,0.9485667036857968,ours,1.0,917.8053469550974,0.9178053469550974,profitable
3,917.8053469550974,1.0,0.9178053469550974,3.160583961957347,45.8433306210893,road,small,0.965759657765264,ours,1.0,917.8053469550974,0.9178053469550974,profitable
